{
  "timestamp": "2025-10-22T03:48:03Z",
  "environment": {
    "python": "3.11.12",
    "system": "Linux",
    "release": "6.12.13",
    "machine": "x86_64",
    "processor": "x86_64"
  },
  "repo_initialization": {
    "measurements": [
      {
        "label": "small",
        "files": 120,
        "commits": 200,
        "init_time_seconds": 0.0739306139994369
      },
      {
        "label": "medium",
        "files": 600,
        "commits": 2000,
        "init_time_seconds": 0.1645088860004762
      },
      {
        "label": "large",
        "files": 1200,
        "commits": 10000,
        "init_time_seconds": 0.28483001199947466
      }
    ]
  },
  "workpads": {
    "count": 60,
    "average_seconds": 0.060095936116658775,
    "p95_seconds": 0.07568334500047058,
    "max_seconds": 0.0871811240003808,
    "workpad_ids": [
      "pad_94a8a6ba",
      "pad_2f145a9b",
      "pad_34618ac7",
      "pad_30d7882b",
      "pad_22b951e7",
      "pad_0e20bfcc",
      "pad_2a5205a2",
      "pad_26b97a43",
      "pad_4f50f044",
      "pad_c528ffa8",
      "pad_b38c1916",
      "pad_f6a2b73f",
      "pad_caae54fe",
      "pad_4d517bb8",
      "pad_21f40a0c",
      "pad_077cab84",
      "pad_c6196b64",
      "pad_3e0c5abd",
      "pad_f56b5e9d",
      "pad_1e1faee1",
      "pad_641b240f",
      "pad_432b5098",
      "pad_0bf3cd9c",
      "pad_f5c3a061",
      "pad_5392b5c5",
      "pad_0ec19421",
      "pad_7f7ecd6e",
      "pad_158da4e3",
      "pad_52e752a5",
      "pad_6abaa117",
      "pad_9c6a5ec5",
      "pad_b28ea5a6",
      "pad_3e48279a",
      "pad_31075688",
      "pad_5dddfb59",
      "pad_1a1e663d",
      "pad_8d7bdb7c",
      "pad_9069dd26",
      "pad_10c17b89",
      "pad_5f3b9606",
      "pad_89d2d5fa",
      "pad_e6ad0d95",
      "pad_1d92febd",
      "pad_e54f6b06",
      "pad_ef46f83b",
      "pad_05351a71",
      "pad_c35c0975",
      "pad_5ef75ff0",
      "pad_626e4946",
      "pad_40d6a643",
      "pad_1afdfb78",
      "pad_f10c75b0",
      "pad_676c9d63",
      "pad_9243e9aa",
      "pad_7379a620",
      "pad_4a900dd1",
      "pad_807e31d6",
      "pad_c804e54b",
      "pad_4ea10d93",
      "pad_20140867"
    ]
  },
  "tests": {
    "non_sandboxed_serial_seconds": 0.6559955319999062,
    "non_sandboxed_parallel_seconds": 0.7975950999998531,
    "simulated_sandbox_seconds": 1.434562683999502,
    "test_counts": {
      "serial": 10,
      "parallel": 20
    }
  },
  "ai": {
    "sequential_seconds": {
      "plan_llama-3.1-8b-instruct": 0.009731469999678666,
      "plan_gpt-4o": 0.010118455000338145,
      "plan_deepseek-coder-33b": 0.008697163999386248,
      "plan_codellama-70b-instruct": 0.009197792000122718,
      "patch_deepseek-coder-33b": 0.009562082000229566,
      "patch_codellama-70b-instruct": 0.007988147000105528,
      "review_planning-tier": 0.0002827700000125333
    },
    "concurrency": 12,
    "concurrent_average_seconds": 0.09302433808352362,
    "concurrent_max_seconds": 0.1425662440005908
  },
  "state": {
    "records": {
      "workpads": 300,
      "test_runs": 300,
      "ai_operations": 300,
      "events": 900
    },
    "write_seconds": 8.846924815999955,
    "read_seconds": 0.05415308300052857,
    "state_dir": "/tmp/sologit-bench-v3jc4y6y/state"
  },
  "gui": {
    "initial_render_seconds": 0.2984963090002566
  }
}